Composer,Opera_Name,city,year,State_Region,Composer_Last,Italian-Born
Cimarosa,Il Pittor Parigino,Rome,1781,Papal,cimarosa,1
Sarti,Giulio Sabino,Venice,1781,Venetia,sarti,1
Zingarelli,Montezuma,Naples,1781,Due_Sicilie,zingarelli,1
Alessandri,Il Vecchio geloso,Milan,1781,Lombardia,alessandri,1
Cimarosa,Giannina e Bernadone,Venice,1781,Venetia,cimarosa,1
Cimarosa,Il Convito,Venice,1781,Venetia,cimarosa,1
Cimarosa,La Ballerina amante,Naples,1782,Due_Sicilie,cimarosa,1
Sarti,Fra due Litiganti il terzo gode,Milan,1782,Lombardia,sarti,1
Cimarosa,Chi dell’ altrui si veste presto si spoglia,Naples,1783,Due_Sicilie,cimarosa,1
Cimarosa,I due Baroni di Rocca Azzurra,Rome,1783,Papal,cimarosa,1
Bernardini,Il Conte di Bell’Umore,Rome,1783,Papal,bernardini,1
P. GUGLIELMI,La Quakera spiritosa,Naples,1783,Due_Sicilie,guglielmi,1
CHERUBINI,"Lo Sposo di tre, Marito di Nessuna",Venice,1783,Venetia,cherubini,1
BIANCHI,La Villanella rapita,Venice,1783,Venetia,bianchi,1
Caruso,Gli Amanti alla Prova,Venice,1783,Venetia,caruso,1
P. Guglielmi,Le Vicende d'Amore,Rome,1784,Papal,guglielmi,1
Cimarosa,L'Olimpiade,Vicenza,1784,Venetia,cimarosa,1
Cimarosa,I due supposti Conti ossia Lo Sposo senza Moglie,Milan,1784,Lombardia,cimarosa,1
P. GUGLIELMI,La Virtuosa in Mergellina,Naples,1785,Due_Sicilie,guglielmi,1
FABRIZI,Li due Castellani Burlati,Bologna,1785,Papal,fabrizi,1
GAZZANIGA,La Moglie capricciosa,Venice,1785,Venetia,gazzaniga,1
P. Guglielmi,Enea e Lavinia,Naples,1785,Due_Sicilie,guglielmi,1
Tarchi,Ariarate,Milan,1786,Lombardia,tarchi,1
Paisiello,Le Gare generose,Naples,1786,Due_Sicilie,paisiello,1
P. Guglielmi,L'Inganno amoroso,Naples,1786,Due_Sicilie,guglielmi,1
Cimarosa,Le Trame deluse,Naples,1786,Due_Sicilie,cimarosa,1
Cimarosa,L'Impresario in Angustie,Naples,1786,Due_Sicilie,cimarosa,1
Anfossi,Le Gelosie fortunate,Venice,1786,Venetia,anfossi,1
Paisiello,Pirro,Naples,1787,Due_Sicilie,paisiello,1
Gazzaniga,Don Giovanni Tenorio o sia Il Convitato di Pietra,Venice,1787,Venetia,gazzaniga,1
Cimarosa,Il Fanatico burlato,Naples,1787,Due_Sicilie,cimarosa,1
Paisiello,La Modista Raggiratrice,Naples,1787,Due_Sicilie,paisiello,1
CHERUBINI,Ifigenia in Aulide,Turin,1788,Sardinia,cherubini,1
TRITTO,Le Avventure amorose,Rome,1788,Papal,tritto,1
P. GUGLIELMI,La Pastorella nobile,Naples,1788,Due_Sicilie,guglielmi,1
Paisiello,L’Amor contrastato,Naples,1788,Due_Sicilie,paisiello,1
Giordani,La Disfatta di Dario,Milan,1789,Lombardia,giordani,1
Paisiello,Nina o sia La Pazza per Amore,Caserta,1789,Due_Sicilie,paisiello,1
P. Guglielmi,La bella Pescatrice,Naples,1789,Due_Sicilie,guglielmi,1
Paisiello,I Zingari in Fiera,Naples,1789,Due_Sicilie,paisiello,1
Anfossi,Zenobia di Palmira,Venice,1789,Venetia,anfossi,1
Cimadoro,Pimmaglione,Venice,1790,Venetia,cimadoro,1
P. Guglielmi,La Serva innamorata,Naples,1790,Due_Sicilie,guglielmi,1
Bianchi,La Vendetta di Nino,Naples,1790,Due_Sicilie,bianchi,1
Borghi,La Morte di Semiramide,Milan,1791,Lombardia,borghi,1
Nasolini,La Morte di Cleopatra,Vicenza,1791,Venetia,nasolini,1
Paisiello,I Giuochi d’Agrigento,Venice,1792,Venetia,paisiello,1
Zingarelli,Il Mercato di Monfregoso,Milan,1792,Lombardia,zingarelli,1
Nasolini,Eugenia,Venice,1792,Venetia,nasolini,1
Paer,Il Tempo fa Giustizia a tutti,Parma,1792,Duchy_Parma,paer,1
Paisiello,L’Elfrida,Naples,1792,Due_Sicilie,paisiello,1
Cimarosa,I Traci amanti,Naples,1793,Due_Sicilie,cimarosa,1
Zingarelli,Gerusalemme distrutta,Florence,1794,Toscana,zingarelli,1
Cimarosa,Le Astuzie femminili,Naples,1794,Due_Sicilie,cimarosa,1
Andreozzi,La Principessa Filosofa ossia Il Contravveleno,Venice,1794,Venetia,andreozzi,1
Cimarosa,Penelope,Naples,1794,Due_Sicilie,cimarosa,1
S. Palma,La Pietra simpatica,Naples,1795,Due_Sicilie,palma,1
Cimarosa,I Nemici generosi,Rome,1795,Papal,cimarosa,1
Paer,L'Intrigo amoroso,Venice,1795,Venetia,paer,1
NASOLINI,Merope,Venice,1796,Venetia,nasolini,1
ZINGARELLI,Giulietta e Romeo,Milan,1796,Lombardia,zingarelli,1
CIMAROSA,Gli Orazi ed i Curiazi,Venice,1796,Venetia,cimarosa,1
VAL. FIORAVANTI,Il Furbo contro al Furbo,Venice,1796,Venetia,fioravanti,1
Paer,Il Principe di Taranto,Parma,1797,Duchy_Parma,paer,1
Paer,La Virtù al Cimento,Parma,1798,Duchy_Parma,paer,1
VAL. FIORAVANTI,Le Cantatrici villane,Naples,1799,Due_Sicilie,fioravanti,1
Spontini,La finta Filosofa,Naples,1799,Due_Sicilie,spontini,1
Cimarosa,Artemisia,Venice,1801,Venetia,cimarosa,1
Niccolini,I Baccanali di Roma,Milan,1801,Lombardia,niccolini,1
Orlandi,Il Podestà di Chioggia,Milan,1801,Lombardia,orlandi,1
Farinelli,Teresa e Claudio,Venice,1801,Venetia,farinelli,1
Trento,Quanti Casi in un Giorno!,Venice,1801,Venetia,trento,1
Val. Fioravanti,La Capricciosa pentita,Milan,1802,Lombardia,fioravanti,1
Tritto,Gli Americani,Naples,1802,Due_Sicilie,tritto,1
LAVIGNA,La Muta per Amore ossia Il Medico per Forza,Milan,1803,Lombardia,lavigna,1
Pavesi,Un Avvertimento ai Gelosi,Venice,1803,Venetia,pavesi,1
Federici,Zaira,Milan,1803,Lombardia,federici,1
Farinelli,I Riti d'Efeso,Venice,1803,Venetia,farinelli,1
PUCITTA,La Burla fortunata ossia I due Prigionieri,Venice,1804,Venetia,pucitta,1
GENERALI,Pamela nubile,Venice,1804,Venetia,generali,1
GNECCO,Filandro e Carolina,Rome,1804,Papal,gnecco,1
P. C. GUGLIELMI,La Scelta dello Sposo,Venice,1805,Venetia,guglielmi,1
PAER,Sofonisba,Bologna,1805,Papal,paer,1
GNECCO,La Prova d'una Opera seria,Milan,1805,Lombardia,gnecco,1
P. C. GUGLIELMI,Amor tutto vince,Naples,1805,Due_Sicilie,guglielmi,1
P. C. GUGLIELMI,Guerra aperta ossia Astuzia contro Astuzia,Rome,1807,Papal,guglielmi,1
NICCOLINI,Traiano in Dacia,Rome,1807,Papal,niccolini,1
Orlandi,La Dama Soldato,Milan,1808,Lombardia,orlandi,1
Generali,Le Lagrime di una Vedova,Venice,1808,Venetia,generali,1
Niccolini,Coriolano,Milan,1808,Lombardia,niccolini,1
PAER,Agnese di Fitz-Henry,Parma,1809,Duchy_Parma,paer,1
MORLACCHI,Le Danaïde,Rome,1810,Papal,morlacchi,1
Generali,Adelina,Venice,1810,Venetia,generali,1
Pavesi,Ser Marcantonio,Milan,1810,Lombardia,pavesi,1
Rossini,La Cambiale di Matrimonio,Venice,1810,Venetia,rossini,1
Mosca,I Pretendenti delusi,Milan,1811,Lombardia,mosca,1
Zingarelli,"Berenice, Regina d'Armenia",Rome,1811,Papal,zingarelli,1
Rossini,L'Inganno felice,Venice,1812,Venetia,rossini,1
Rossini,Ciro in Babilonia o sia La Caduta di Baldassarre,Ferrara,1812,Papal,rossini,1
Rossini,La Scala di Seta,Venice,1812,Venetia,rossini,1
Rossini,La Pietra del Paragone,Milan,1812,Lombardia,rossini,1
Rossini,L'Occasione fa il Ladro,Venice,1812,Venetia,rossini,1
Rossini,Il Signor Bruschino ossia Il Figlio per Azzardo,Venice,1813,Venetia,rossini,1
Rossini,Tancredi,Venice,1813,Venetia,rossini,1
Rossini,L'Italiana in Algeri,Venice,1813,Venetia,rossini,1
ROSSINI,Aureliano in Palmira,Milan,1813,Lombardia,rossini,1
ROSSINI,Il Turco in Italia,Milan,1814,Lombardia,rossini,1
COCCIA,Clotilda,Venice,1815,Venetia,coccia,1
ROSSINI,Elisabetta Regina d’Inghilterra,Naples,1815,Due_Sicilie,rossini,1
ROSSINI,Torvaldo e Dorliska,Rome,1815,Papal,rossini,1
GENERALI,I Baccanti di Roma,Venice,1816,Venetia,generali,1
Rossini,Almaviva o sia L'Inutile Precauzione,Rome,1816,Papal,rossini,1
Carafa,Gabriella di Vergy,Naples,1816,Due_Sicilie,carafa,1
Rossini,Otello ossia Il Moro di Venezia,Naples,1816,Due_Sicilie,rossini,1
P. C. Guglielmi,Paolo e Virginia,Naples,1817,Due_Sicilie,guglielmi,1
Rossini,La Cenerentola ossia La Bontà in Trionfo,Rome,1817,Papal,rossini,1
Rossini,La Gazza Ladra,Milan,1817,Lombardia,rossini,1
Rossini,Armida,Naples,1817,Due_Sicilie,rossini,1
Pacini,Adelaide e Comingio,Milan,1817,Lombardia,pacini,1
Rossini,Mosè in Egitto,Naples,1818,Due_Sicilie,rossini,1
Morlacchi,Gianni di Parigi,Milan,1818,Lombardia,morlacchi,1
Pacini,Il Barone di Dolsheim,Milan,1818,Lombardia,pacini,1
Rossini,Ricciardo e Zoraide,Naples,1818,Due_Sicilie,rossini,1
F. Basili,Gl' Illinesi,Milan,1819,Lombardia,basili,1
Rossini,Eduardo e Cristina,Venice,1819,Venetia,rossini,1
Rossini,La Donna del Lago,Naples,1819,Due_Sicilie,rossini,1
Rossini,Bianca e Falliero ossia Il Consiglio dei Tre,Milan,1819,Lombardia,rossini,1
Pacini,La Schiava in Bagdad ossia Il Papucciajo,Turin,1820,Sardinia,pacini,1
Rossini,Maometto II,Naples,1820,Due_Sicilie,rossini,1
Pacini,La Gioventù di Enrico V,Rome,1820,Papal,pacini,1