year,state,operas,post1801,copyright,copyright_post1801
1781,Duchy_Modena,0,0,0,0
1781,Duchy_Parma,1,0,0,0
1781,Due_Sicilie,16,0,0,0
1781,Lombardia,4,0,1,0
1781,Papal,14,0,0,0
1781,Sardinia,3,0,0,0
1781,Toscana,8,0,0,0
1781,Venetia,1,0,1,0
1782,Duchy_Modena,1,0,0,0
1782,Duchy_Parma,1,0,0,0
1782,Due_Sicilie,14,0,0,0
1782,Lombardia,2,0,1,0
1782,Papal,4,0,0,0
1782,Sardinia,3,0,0,0
1782,Toscana,6,0,0,0
1782,Venetia,1,0,1,0
1783,Duchy_Modena,1,0,0,0
1783,Duchy_Parma,1,0,0,0
1783,Due_Sicilie,16,0,0,0
1783,Lombardia,5,0,1,0
1783,Papal,5,0,0,0
1783,Sardinia,3,0,0,0
1783,Toscana,15,0,0,0
1783,Venetia,2,0,1,0
1784,Duchy_Modena,1,0,0,0
1784,Duchy_Parma,1,0,0,0
1784,Due_Sicilie,11,0,0,0
1784,Lombardia,5,0,1,0
1784,Papal,19,0,0,0
1784,Sardinia,7,0,0,0
1784,Toscana,10,0,0,0
1784,Venetia,1,0,1,0
1785,Duchy_Modena,3,0,0,0
1785,Duchy_Parma,1,0,0,0
1785,Due_Sicilie,11,0,0,0
1785,Lombardia,3,0,1,0
1785,Papal,10,0,0,0
1785,Sardinia,4,0,0,0
1785,Toscana,14,0,0,0
1785,Venetia,1,0,1,0
1786,Duchy_Modena,2,0,0,0
1786,Duchy_Parma,2,0,0,0
1786,Due_Sicilie,14,0,0,0
1786,Lombardia,7,0,1,0
1786,Papal,18,0,0,0
1786,Sardinia,4,0,0,0
1786,Toscana,6,0,0,0
1786,Venetia,1,0,1,0
1787,Duchy_Modena,0,0,0,0
1787,Duchy_Parma,1,0,0,0
1787,Due_Sicilie,14,0,0,0
1787,Lombardia,8,0,1,0
1787,Papal,16,0,0,0
1787,Sardinia,4,0,0,0
1787,Toscana,8,0,0,0
1787,Venetia,3,0,1,0
1788,Duchy_Modena,0,0,0,0
1788,Duchy_Parma,0,0,0,0
1788,Due_Sicilie,10,0,0,0
1788,Lombardia,3,0,1,0
1788,Papal,16,0,0,0
1788,Sardinia,6,0,0,0
1788,Toscana,5,0,0,0
1788,Venetia,2,0,1,0
1789,Duchy_Modena,0,0,0,0
1789,Duchy_Parma,0,0,0,0
1789,Due_Sicilie,10,0,0,0
1789,Lombardia,4,0,1,0
1789,Papal,16,0,0,0
1789,Sardinia,4,0,0,0
1789,Toscana,11,0,0,0
1789,Venetia,5,0,1,0
1790,Duchy_Modena,0,0,0,0
1790,Duchy_Parma,1,0,0,0
1790,Due_Sicilie,14,0,0,0
1790,Lombardia,5,0,1,0
1790,Papal,6,0,0,0
1790,Sardinia,3,0,0,0
1790,Toscana,8,0,0,0
1790,Venetia,2,0,1,0
1791,Duchy_Modena,0,0,0,0
1791,Duchy_Parma,1,0,0,0
1791,Due_Sicilie,13,0,0,0
1791,Lombardia,3,0,1,0
1791,Papal,10,0,0,0
1791,Sardinia,2,0,0,0
1791,Toscana,12,0,0,0
1791,Venetia,3,0,1,0
1792,Duchy_Modena,0,0,0,0
1792,Duchy_Parma,1,0,0,0
1792,Due_Sicilie,14,0,0,0
1792,Lombardia,5,0,1,0
1792,Papal,11,0,0,0
1792,Sardinia,6,0,0,0
1792,Toscana,12,0,0,0
1792,Venetia,6,0,1,0
1793,Duchy_Modena,0,0,0,0
1793,Duchy_Parma,2,0,0,0
1793,Due_Sicilie,15,0,0,0
1793,Lombardia,6,0,1,0
1793,Papal,1,0,0,0
1793,Sardinia,2,0,0,0
1793,Toscana,12,0,0,0
1793,Venetia,3,0,1,0
1794,Duchy_Modena,1,0,0,0
1794,Duchy_Parma,3,0,0,0
1794,Due_Sicilie,15,0,0,0
1794,Lombardia,4,0,1,0
1794,Papal,1,0,0,0
1794,Sardinia,2,0,0,0
1794,Toscana,15,0,0,0
1794,Venetia,3,0,1,0
1795,Duchy_Modena,0,0,0,0
1795,Duchy_Parma,0,0,0,0
1795,Due_Sicilie,12,0,0,0
1795,Lombardia,4,0,1,0
1795,Papal,1,0,0,0
1795,Sardinia,0,0,0,0
1795,Toscana,18,0,0,0
1795,Venetia,2,0,1,0
1796,Duchy_Modena,0,0,0,0
1796,Duchy_Parma,2,0,0,0
1796,Due_Sicilie,9,0,0,0
1796,Lombardia,1,0,1,0
1796,Papal,9,0,0,0
1796,Sardinia,1,0,0,0
1796,Toscana,14,0,0,0
1796,Venetia,1,0,1,0
1797,Duchy_Modena,0,0,0,0
1797,Duchy_Parma,2,0,0,0
1797,Due_Sicilie,16,0,0,0
1797,Lombardia,1,0,1,0
1797,Papal,8,0,0,0
1797,Sardinia,2,0,0,0
1797,Toscana,17,0,0,0
1797,Venetia,1,0,1,0
1798,Duchy_Modena,1,0,0,0
1798,Duchy_Parma,1,0,0,0
1798,Due_Sicilie,15,0,0,0
1798,Lombardia,8,0,1,0
1798,Papal,7,0,0,0
1798,Sardinia,5,0,0,0
1798,Toscana,15,0,0,0
1798,Venetia,1,0,1,0
1799,Duchy_Modena,0,0,0,0
1799,Duchy_Parma,1,0,0,0
1799,Due_Sicilie,6,0,0,0
1799,Lombardia,4,0,1,0
1799,Papal,8,0,0,0
1799,Sardinia,3,0,0,0
1799,Toscana,7,0,0,0
1799,Venetia,0,0,1,0
1800,Duchy_Modena,0,0,0,0
1800,Duchy_Parma,1,0,0,0
1800,Due_Sicilie,17,0,0,0
1800,Lombardia,1,0,1,0
1800,Papal,3,0,0,0
1800,Sardinia,2,0,0,0
1800,Toscana,12,0,0,0
1800,Venetia,3,0,1,0
1801,Duchy_Modena,0,1,0,0
1801,Duchy_Parma,1,1,0,0
1801,Due_Sicilie,10,1,0,0
1801,Lombardia,6,1,1,1
1801,Papal,7,1,0,0
1801,Sardinia,1,1,0,0
1801,Toscana,3,1,0,0
1801,Venetia,0,1,1,1
1802,Duchy_Modena,1,1,0,0
1802,Duchy_Parma,2,1,0,0
1802,Due_Sicilie,13,1,0,0
1802,Lombardia,5,1,1,1
1802,Papal,5,1,0,0
1802,Sardinia,3,1,0,0
1802,Toscana,4,1,0,0
1802,Venetia,1,1,1,1
1803,Duchy_Modena,0,1,0,0
1803,Duchy_Parma,0,1,0,0
1803,Due_Sicilie,9,1,0,0
1803,Lombardia,5,1,1,1
1803,Papal,5,1,0,0
1803,Sardinia,4,1,0,0
1803,Toscana,4,1,0,0
1803,Venetia,4,1,1,1
1804,Duchy_Modena,0,1,0,0
1804,Duchy_Parma,1,1,0,0
1804,Due_Sicilie,7,1,0,0
1804,Lombardia,8,1,1,1
1804,Papal,8,1,0,0
1804,Sardinia,1,1,0,0
1804,Toscana,3,1,0,0
1804,Venetia,3,1,1,1
1805,Duchy_Modena,0,1,0,0
1805,Duchy_Parma,0,1,0,0
1805,Due_Sicilie,8,1,0,0
1805,Lombardia,7,1,1,1
1805,Papal,9,1,0,0
1805,Sardinia,2,1,0,0
1805,Toscana,3,1,0,0
1805,Venetia,4,1,1,1
1806,Duchy_Modena,0,1,0,0
1806,Duchy_Parma,0,1,0,0
1806,Due_Sicilie,8,1,0,0
1806,Lombardia,4,1,1,1
1806,Papal,6,1,0,0
1806,Sardinia,1,1,0,0
1806,Toscana,4,1,0,0
1806,Venetia,3,1,1,1
1807,Duchy_Modena,0,1,0,0
1807,Duchy_Parma,0,1,0,0
1807,Due_Sicilie,8,1,0,0
1807,Lombardia,1,1,1,1
1807,Papal,8,1,0,0
1807,Sardinia,0,1,0,0
1807,Toscana,2,1,0,0
1807,Venetia,4,1,1,1
1808,Duchy_Modena,0,1,0,0
1808,Duchy_Parma,4,1,0,0
1808,Due_Sicilie,10,1,0,0
1808,Lombardia,7,1,1,1
1808,Papal,9,1,0,0
1808,Sardinia,5,1,0,0
1808,Toscana,5,1,0,0
1808,Venetia,1,1,1,1
1809,Duchy_Modena,0,1,0,0
1809,Duchy_Parma,2,1,0,0
1809,Due_Sicilie,6,1,0,0
1809,Lombardia,6,1,1,1
1809,Papal,6,1,0,0
1809,Sardinia,3,1,0,0
1809,Toscana,1,1,0,0
1809,Venetia,3,1,1,1
1810,Duchy_Modena,0,1,0,0
1810,Duchy_Parma,0,1,0,0
1810,Due_Sicilie,13,1,0,0
1810,Lombardia,10,1,1,1
1810,Papal,7,1,0,0
1810,Sardinia,4,1,0,0
1810,Toscana,5,1,0,0
1810,Venetia,1,1,1,1
1811,Duchy_Modena,0,1,0,0
1811,Duchy_Parma,1,1,0,0
1811,Due_Sicilie,14,1,0,0
1811,Lombardia,12,1,1,1
1811,Papal,6,1,0,0
1811,Sardinia,2,1,0,0
1811,Toscana,2,1,0,0
1811,Venetia,0,1,1,1
1812,Duchy_Modena,0,1,0,0
1812,Duchy_Parma,4,1,0,0
1812,Due_Sicilie,12,1,0,0
1812,Lombardia,8,1,1,1
1812,Papal,5,1,0,0
1812,Sardinia,2,1,0,0
1812,Toscana,1,1,0,0
1812,Venetia,0,1,1,1
1813,Duchy_Modena,0,1,0,0
1813,Duchy_Parma,2,1,0,0
1813,Due_Sicilie,10,1,0,0
1813,Lombardia,8,1,1,1
1813,Papal,5,1,0,0
1813,Sardinia,2,1,0,0
1813,Toscana,1,1,0,0
1813,Venetia,0,1,1,1
1814,Duchy_Modena,0,1,0,0
1814,Duchy_Parma,3,1,0,0
1814,Due_Sicilie,10,1,0,0
1814,Lombardia,12,1,1,1
1814,Papal,3,1,0,0
1814,Sardinia,3,1,0,0
1814,Toscana,6,1,0,0
1814,Venetia,0,1,1,1
1815,Duchy_Modena,0,1,0,0
1815,Duchy_Parma,2,1,0,0
1815,Due_Sicilie,8,1,0,0
1815,Lombardia,4,1,1,1
1815,Papal,3,1,0,0
1815,Sardinia,1,1,0,0
1815,Toscana,3,1,0,0
1815,Venetia,1,1,1,1
1816,Duchy_Modena,0,1,0,0
1816,Duchy_Parma,0,1,0,0
1816,Due_Sicilie,9,1,0,0
1816,Lombardia,9,1,1,1
1816,Papal,5,1,0,0
1816,Sardinia,2,1,0,0
1816,Toscana,1,1,0,0
1816,Venetia,1,1,1,1
1817,Duchy_Modena,0,1,0,0
1817,Duchy_Parma,0,1,0,0
1817,Due_Sicilie,8,1,0,0
1817,Lombardia,9,1,1,1
1817,Papal,10,1,0,0
1817,Sardinia,3,1,0,0
1817,Toscana,3,1,0,0
1817,Venetia,0,1,1,1
1818,Duchy_Modena,1,1,0,0
1818,Duchy_Parma,0,1,0,0
1818,Due_Sicilie,8,1,0,0
1818,Lombardia,3,1,1,1
1818,Papal,5,1,0,0
1818,Sardinia,3,1,0,0
1818,Toscana,1,1,0,0
1818,Venetia,2,1,1,1
1819,Duchy_Modena,0,1,0,0
1819,Duchy_Parma,0,1,0,0
1819,Due_Sicilie,9,1,0,0
1819,Lombardia,7,1,1,1
1819,Papal,4,1,0,0
1819,Sardinia,1,1,0,0
1819,Toscana,1,1,0,0
1819,Venetia,2,1,1,1
1820,Duchy_Modena,1,1,0,0
1820,Duchy_Parma,0,1,0,0
1820,Due_Sicilie,11,1,0,0
1820,Lombardia,5,1,1,1
1820,Papal,6,1,0,0
1820,Sardinia,2,1,0,0
1820,Toscana,0,1,0,0
1820,Venetia,3,1,1,1
